[
    {
        "image_id": 0,
        "category_id": 3,
        "bbox": [
            17.0,
            142.0,
            126.0,
            120.0
        ],
        "score": 0.7559071367153912
    },
    {
        "image_id": 1,
        "category_id": 3,
        "bbox": [
            126.0,
            179.0,
            163.5,
            203.0
        ],
        "score": 0.8223670644044824
    },
    {
        "image_id": 2,
        "category_id": 3,
        "bbox": [
            186.0,
            179.0,
            155.5,
            220.0
        ],
        "score": 0.7236633663366336
    },
    {
        "image_id": 3,
        "category_id": 3,
        "bbox": [
            183.0,
            11.0,
            121.0,
            140.5
        ],
        "score": 0.303394495412844
    },
    {
        "image_id": 4,
        "category_id": 3,
        "bbox": [
            68.0,
            8.0,
            153.5,
            99.0
        ],
        "score": 0.41077069457659365
    },
    {
        "image_id": 5,
        "category_id": 3,
        "bbox": [
            172.0,
            145.0,
            69.5,
            66.0
        ],
        "score": 0.4823572296476306
    },
    {
        "image_id": 6,
        "category_id": 3,
        "bbox": [
            139.0,
            118.0,
            195.0,
            217.5
        ],
        "score": 0.8766125617501764
    },
    {
        "image_id": 7,
        "category_id": 3,
        "bbox": [
            134.0,
            19.0,
            113.0,
            167.0
        ],
        "score": 0.6675297398579458
    },
    {
        "image_id": 8,
        "category_id": 3,
        "bbox": [
            112.0,
            288.0,
            59.5,
            100.5
        ],
        "score": 0.7284476811038713
    },
    {
        "image_id": 9,
        "category_id": 3,
        "bbox": [
            12.0,
            161.0,
            99.5,
            145.5
        ],
        "score": 0.3295967330270546
    },
    {
        "image_id": 10,
        "category_id": 3,
        "bbox": [
            248.0,
            206.0,
            61.5,
            108.5
        ],
        "score": 0.6824147777976084
    },
    {
        "image_id": 11,
        "category_id": 3,
        "bbox": [
            33.0,
            28.0,
            166.0,
            202.5
        ],
        "score": 0.34272342544187206
    },
    {
        "image_id": 12,
        "category_id": 3,
        "bbox": [
            155.0,
            6.0,
            168.5,
            188.0
        ],
        "score": 0.961913282863042
    },
    {
        "image_id": 13,
        "category_id": 3,
        "bbox": [
            280.0,
            334.0,
            109.0,
            90.0
        ],
        "score": 0.3719163926726163
    },
    {
        "image_id": 14,
        "category_id": 3,
        "bbox": [
            152.0,
            247.0,
            98.0,
            156.5
        ],
        "score": 0.7280342994684585
    },
    {
        "image_id": 15,
        "category_id": 3,
        "bbox": [
            191.0,
            264.0,
            169.0,
            128.5
        ],
        "score": 0.21847721378288254
    },
    {
        "image_id": 16,
        "category_id": 3,
        "bbox": [
            32.0,
            3.0,
            98.0,
            66.5
        ],
        "score": 0.6168502072232089
    },
    {
        "image_id": 17,
        "category_id": 3,
        "bbox": [
            78.0,
            148.0,
            159.5,
            170.5
        ],
        "score": 0.5997703209904207
    },
    {
        "image_id": 18,
        "category_id": 3,
        "bbox": [
            84.0,
            185.0,
            134.0,
            149.5
        ],
        "score": 0.99
    },
    {
        "image_id": 19,
        "category_id": 3,
        "bbox": [
            243.0,
            158.0,
            134.5,
            214.5
        ],
        "score": 0.43908814589665657
    },
    {
        "image_id": 20,
        "category_id": 3,
        "bbox": [
            158.0,
            11.0,
            84.0,
            120.0
        ],
        "score": 0.3800414937759336
    },
    {
        "image_id": 21,
        "category_id": 3,
        "bbox": [
            56.0,
            5.0,
            125.5,
            189.0
        ],
        "score": 0.5698455013632233
    },
    {
        "image_id": 22,
        "category_id": 3,
        "bbox": [
            172.0,
            320.0,
            151.0,
            117.5
        ],
        "score": 0.8163498920086394
    },
    {
        "image_id": 23,
        "category_id": 3,
        "bbox": [
            106.0,
            213.0,
            139.5,
            135.0
        ],
        "score": 0.6878047529492222
    },
    {
        "image_id": 24,
        "category_id": 3,
        "bbox": [
            2.0,
            161.0,
            117.0,
            139.0
        ],
        "score": 0.48513640279506076
    },
    {
        "image_id": 25,
        "category_id": 3,
        "bbox": [
            100.0,
            232.0,
            177.0,
            176.5
        ],
        "score": 0.7833728687916975
    },
    {
        "image_id": 26,
        "category_id": 3,
        "bbox": [
            134.0,
            115.0,
            120.5,
            177.0
        ],
        "score": 0.5990767942765811
    },
    {
        "image_id": 27,
        "category_id": 3,
        "bbox": [
            192.0,
            230.0,
            157.5,
            173.5
        ],
        "score": 0.5999258801729463
    },
    {
        "image_id": 28,
        "category_id": 3,
        "bbox": [
            52.0,
            129.0,
            132.0,
            176.0
        ],
        "score": 0.5990885640584694
    },
    {
        "image_id": 29,
        "category_id": 3,
        "bbox": [
            18.0,
            92.0,
            70.5,
            115.0
        ],
        "score": 0.2992173189009159
    },
    {
        "image_id": 30,
        "category_id": 3,
        "bbox": [
            90.0,
            66.0,
            123.0,
            112.0
        ],
        "score": 0.556108344951205
    },
    {
        "image_id": 31,
        "category_id": 3,
        "bbox": [
            182.0,
            95.0,
            156.5,
            201.0
        ],
        "score": 0.5321340775488391
    },
    {
        "image_id": 32,
        "category_id": 3,
        "bbox": [
            134.0,
            48.0,
            134.5,
            151.0
        ],
        "score": 0.9203685124445302
    },
    {
        "image_id": 33,
        "category_id": 3,
        "bbox": [
            92.0,
            247.0,
            155.0,
            193.5
        ],
        "score": 0.5055010963896353
    },
    {
        "image_id": 34,
        "category_id": 3,
        "bbox": [
            202.0,
            158.0,
            111.5,
            141.5
        ],
        "score": 0.8755251848031631
    },
    {
        "image_id": 35,
        "category_id": 3,
        "bbox": [
            43.0,
            138.0,
            141.0,
            184.0
        ],
        "score": 0.9874977334542159
    },
    {
        "image_id": 36,
        "category_id": 3,
        "bbox": [
            155.0,
            311.0,
            81.0,
            125.0
        ],
        "score": 0.5263892818507114
    },
    {
        "image_id": 37,
        "category_id": 3,
        "bbox": [
            103.0,
            92.0,
            144.0,
            174.5
        ],
        "score": 0.23569169960474307
    },
    {
        "image_id": 38,
        "category_id": 3,
        "bbox": [
            188.0,
            115.0,
            151.5,
            216.0
        ],
        "score": 0.2612968602331199
    },
    {
        "image_id": 39,
        "category_id": 3,
        "bbox": [
            87.0,
            96.0,
            109.0,
            104.5
        ],
        "score": 0.6858777711204315
    },
    {
        "image_id": 39,
        "category_id": 3,
        "bbox": [
            249.0,
            309.0,
            80.5,
            102.0
        ],
        "score": 0.31318021201413426
    },
    {
        "image_id": 40,
        "category_id": 3,
        "bbox": [
            46.0,
            230.0,
            131.5,
            113.0
        ],
        "score": 0.4869804659919981
    },
    {
        "image_id": 41,
        "category_id": 3,
        "bbox": [
            240.0,
            214.0,
            93.5,
            123.5
        ],
        "score": 0.5545666404818015
    },
    {
        "image_id": 42,
        "category_id": 3,
        "bbox": [
            306.0,
            258.0,
            129.0,
            148.0
        ],
        "score": 0.46817867823596304
    },
    {
        "image_id": 43,
        "category_id": 3,
        "bbox": [
            21.0,
            70.0,
            174.5,
            200.5
        ],
        "score": 0.6761131878640354
    },
    {
        "image_id": 44,
        "category_id": 3,
        "bbox": [
            40.0,
            284.0,
            161.0,
            148.0
        ],
        "score": 0.47710714285714284
    },
    {
        "image_id": 45,
        "category_id": 3,
        "bbox": [
            247.0,
            170.0,
            127.0,
            141.0
        ],
        "score": 0.6093043043043043
    },
    {
        "image_id": 46,
        "category_id": 3,
        "bbox": [
            117.0,
            53.0,
            144.0,
            157.0
        ],
        "score": 0.8911129740786694
    },
    {
        "image_id": 47,
        "category_id": 3,
        "bbox": [
            185.0,
            233.0,
            97.5,
            96.0
        ],
        "score": 0.4672640265917818
    },
    {
        "image_id": 48,
        "category_id": 3,
        "bbox": [
            135.0,
            17.0,
            169.0,
            173.0
        ],
        "score": 0.75049687073101
    },
    {
        "image_id": 49,
        "category_id": 3,
        "bbox": [
            208.0,
            234.0,
            52.5,
            104.5
        ],
        "score": 0.11671437865972675
    },
    {
        "image_id": 50,
        "category_id": 3,
        "bbox": [
            29.0,
            1.0,
            177.0,
            192.0
        ],
        "score": 0.923572303564137
    },
    {
        "image_id": 51,
        "category_id": 3,
        "bbox": [
            268.0,
            122.0,
            116.5,
            205.0
        ],
        "score": 0.8007782985371396
    },
    {
        "image_id": 52,
        "category_id": 3,
        "bbox": [
            200.0,
            22.0,
            111.0,
            173.0
        ],
        "score": 0.8369920048272741
    },
    {
        "image_id": 53,
        "category_id": 3,
        "bbox": [
            190.0,
            175.0,
            146.0,
            164.5
        ],
        "score": 0.8673809757534112
    },
    {
        "image_id": 54,
        "category_id": 3,
        "bbox": [
            83.0,
            216.0,
            119.0,
            136.5
        ],
        "score": 0.5160775862068965
    },
    {
        "image_id": 55,
        "category_id": 3,
        "bbox": [
            92.0,
            199.0,
            54.5,
            83.5
        ],
        "score": 0.27260188087774295
    },
    {
        "image_id": 56,
        "category_id": 3,
        "bbox": [
            188.0,
            63.0,
            126.0,
            195.5
        ],
        "score": 0.8296588161250786
    },
    {
        "image_id": 57,
        "category_id": 3,
        "bbox": [
            62.0,
            60.0,
            159.5,
            211.5
        ],
        "score": 0.9149102773246329
    },
    {
        "image_id": 58,
        "category_id": 3,
        "bbox": [
            85.0,
            107.0,
            139.0,
            142.0
        ],
        "score": 0.9262684593343619
    },
    {
        "image_id": 59,
        "category_id": 3,
        "bbox": [
            161.0,
            16.0,
            132.5,
            194.5
        ],
        "score": 0.6102838317283324
    },
    {
        "image_id": 60,
        "category_id": 3,
        "bbox": [
            102.0,
            182.0,
            107.0,
            208.5
        ],
        "score": 0.9061524717093509
    },
    {
        "image_id": 61,
        "category_id": 3,
        "bbox": [
            114.0,
            134.0,
            142.0,
            184.5
        ],
        "score": 0.6961046410568399
    },
    {
        "image_id": 62,
        "category_id": 3,
        "bbox": [
            54.0,
            134.0,
            142.5,
            167.0
        ],
        "score": 0.5959796636683614
    },
    {
        "image_id": 64,
        "category_id": 3,
        "bbox": [
            123.0,
            26.0,
            117.0,
            167.0
        ],
        "score": 0.8208871851040527
    }
]